Consultas principales,Clics,Impresiones,CTR,Posición
conciertos murcia 2027,1,18,5.56%,7.11
conciertos 2025,1,3,33.33%,2.67
conciertos en burgos 2026,1,2,50%,9.5
conciertos castellon 2026,1,2,50%,11
viña rock bus,1,1,100%,5
cuanto cuestan las entradas de olivia rodrigo barcelona,1,1,100%,18
autobuses viña rock,0,26,0%,15.15
viña rock buses,0,26,0%,16.92
bus viña rock,0,25,0%,17.72
autobuses viñarock,0,24,0%,15.08
autobus viña rock,0,24,0%,15.75
conciertos en sevilla,0,23,0%,58.65
conciertos donostia 2026,0,21,0%,9.19
buses viñarock,0,21,0%,19.48
bus viñarock,0,19,0%,19.42
autobus castellon burriana arenal sound,0,19,0%,22.42
conciertos sevilla,0,19,0%,63.63
cala mijas festival 2026,0,16,0%,9.44
zevra horarios,0,16,0%,33.5
conciertos musica sevilla,0,14,0%,67.21
conciertos 2027,0,13,0%,7.85
post malone madrid,0,13,0%,11.46
conciertos verano gijon 2026,0,12,0%,11.5
arenal sound como llegar,0,12,0%,46.83
concierto sevilla,0,12,0%,74.42
karol g palau sant jordi,0,11,0%,9.18
buses viña rock,0,11,0%,18.82
wizink center como llegar,0,10,0%,9
conciertos salamanca 2026,0,10,0%,10.2
como ir al arenal sound,0,10,0%,15
conciertos en murcia,0,10,0%,38.5
conciertos zaragoza 2027,0,9,0%,8.22
cómo llegar al wizink center,0,9,0%,8.22
conciertos murcia 2026,0,9,0%,13.56
tren arenal sound,0,9,0%,18.56
conciertos plaza toros alicante 2026,0,8,0%,11.75
zevra festival bus,0,8,0%,31.12
conciertos 2025 zaragoza,0,8,0%,51.38
kobetamendi como llegar,0,7,0%,7.14
wizink como llegar,0,7,0%,8
palacio vistalegre como llegar,0,7,0%,9.57
conciertos alicante 2026 plaza de toros,0,7,0%,10
buses arenal sound,0,7,0%,25
conciertos sevilla 2026,0,7,0%,28.14
arenal sound localizacion,0,7,0%,76.29
autobus concierto bad bunny,0,6,0%,6.5
fòrum barcelona como llegar,0,6,0%,9.33
drake madrid,0,6,0%,9.67
plaza de toros alicante conciertos 2026,0,6,0%,10.83
conciertos gijon verano 2026,0,6,0%,11
conciertos tarragona 2026,0,6,0%,11.33
bbk santander,0,6,0%,21.33
arenal sound bus,0,6,0%,33
sevilla concierto,0,6,0%,67.33
"benicassim (""camí via verda"" or ""cap de setmana"" or ""castell de montornés"" 
or ""descobrir"" or ""desconnectar"" or ""desert de les palmes"" or ""església"" or 
""festival"" or ""relaxar-se"" or ""ruta de les villes"" or ""torre de sant 
vicent"" or ""turisme"" or ""villa pilar"" or allotjament or destinació or 
destinacions or esdeveniment or estiu or estiuejar or excursió or festa or 
fira or gastronòmic or monument or museu)",0,6,0%,80.17
concierto 2027,0,5,0%,6.4
billie eilish en españa 2026,0,5,0%,7.8
concierto beyonce españa 2026,0,5,0%,8
como llegar al wizink center desde mi ubicación,0,5,0%,8.8
drake españa,0,5,0%,8.8
conciertos burgos 2026,0,5,0%,9.4
concierto billie eilish madrid 2026,0,5,0%,9.6
como llegar al mad cool 2026,0,5,0%,10
mijas festival 2026,0,5,0%,10.4
conciertos alicante 2026,0,5,0%,14.8
viña rock contacto,0,5,0%,24.6
conciertos murcia 2025,0,5,0%,41
conciertos murcia,0,5,0%,47.4
conciertos 2027 sevilla,0,4,0%,6
como ir al wizink center,0,4,0%,6.25
cómo llegar al estadio olímpico de sevilla,0,4,0%,6.5
mad cool 2027,0,4,0%,7.25
concierto sabrina carpenter españa 2026,0,4,0%,8
conciertos en sevilla 2027,0,4,0%,9.25
conciertos sevilla 2027,0,4,0%,9.5
dua lipa españa 2026,0,4,0%,10.25
concierto billie eilish españa 2026,0,4,0%,10.5
conciertos en donosti 2026,0,4,0%,10.5
dua lipa barcelona 2026,0,4,0%,11
conciertos en alicante 2026,0,4,0%,11.5
festivales valencia 2025,0,4,0%,11.5
arenal sound autobuses,0,4,0%,35
conciertos bilbao 2026,0,4,0%,37.75
bus burriana arenal sound,0,4,0%,41
proximos conciertos zaragoza,0,4,0%,47.5
conciertos en málaga,0,4,0%,49.75
festivales gratuitos 2026,0,3,0%,3
arenal sound 2027,0,3,0%,6.67
conciertos palma de mallorca 2026,0,3,0%,7.33
conciertos bilbao 2027,0,3,0%,7.67
conciertos gijon 2026,0,3,0%,8.33
conciertos 2026 bilbao,0,3,0%,9.67
conciertos plaza de toros alicante 2026,0,3,0%,10
metro wizink center,0,3,0%,10
como llegar a ifema en transporte publico,0,3,0%,10.33
conciertos,0,3,0%,10.33
conciertos en barcelona 2027,0,3,0%,10.33
doja cat madrid,0,3,0%,10.67
conciertos 2027 barcelona,0,3,0%,11
conciertos en salamanca 2026,0,3,0%,11
billie eilish spain 2026,0,3,0%,11.67
direccion wizink center madrid,0,3,0%,12.67
conciertos alicante 2025,0,3,0%,17
conciertos valencia 2025,0,3,0%,17.33
sabrina carpenter españa,0,3,0%,20.33
autobuses castellon burriana arenal sound,0,3,0%,20.67
como llegar ifema,0,3,0%,23
ifema como llegar,0,3,0%,29.33
bus arenal sound,0,3,0%,30.67
conciertos en jaén,0,3,0%,43
conciertos sevilla 2025,0,3,0%,45.67
autobuses arenal sound,0,3,0%,50.33
conciertos en sevilla 2025,0,3,0%,52.33
o son do camiño 2026,0,3,0%,75.33
concierto murcia 2026,0,2,0%,5.5
conciertos coruña 2027,0,2,0%,7
taylor swift españa 2026,0,2,0%,7.5
como llegar al ifema,0,2,0%,8
cómo llegar al forum de barcelona,0,2,0%,8
como llegar a ifema,0,2,0%,9
conciertos 2027 bilbao,0,2,0%,9
conciertos almeria 2026,0,2,0%,9
conciertos gijon agosto 2026,0,2,0%,9
parada metro wizink center,0,2,0%,9.5
como ir al wizink center en metro,0,2,0%,10
conciertos san sebastian 2026,0,2,0%,10
festivales murcia 2026,0,2,0%,10
conciertos badajoz 2026,0,2,0%,10.5
conciertos en bilbao 2026,0,2,0%,10.5
beyoncé conciertos 2026,0,2,0%,11
conciertos barcelona 2027,0,2,0%,11
ir a la caja mágica,0,2,0%,11
post malone españa 2026,0,2,0%,11
concierto tarragona 2026,0,2,0%,11.5
festivales en murcia 2026,0,2,0%,11.5
billie eilish concierto españa 2026,0,2,0%,12
billie eilish madrid 2026,0,2,0%,12
concierto beyonce 2026,0,2,0%,12
conciertos cáceres 2026,0,2,0%,12
conciertos verano gijón 2026,0,2,0%,12
salamanca conciertos 2026,0,2,0%,12
tomavistas como llegar,0,2,0%,12
como llegar a ifema en coche,0,2,0%,12.5
concierto drake españa,0,2,0%,14.5
autobus arenal castellon,0,2,0%,15.5
conciertos barcelona 2025,0,2,0%,16
wizink center ubicacion,0,2,0%,16.5
conciertos en donostia 2026,0,2,0%,18
conciertos mallorca 2025,0,2,0%,18
autobus arenal sound,0,2,0%,18.5
concert transportation,0,2,0%,19.5
bbk pamplona,0,2,0%,21
buses oficiales arenal sound,0,2,0%,21
sabrina carpenter españa 2026,0,2,0%,21
autobus arenal sound castellon,0,2,0%,25
como llegar a la cartuja sevilla,0,2,0%,29
conciertos mallorca 2026,0,2,0%,29
que llevar a un festival,0,2,0%,29.5
zevra festival horario,0,2,0%,31.5
bbk live como llegar,0,2,0%,34.5
parking palacio vistalegre horario,0,2,0%,35
proximos conciertos en murcia,0,2,0%,35
kobetamendi park bilbao,0,2,0%,36.5
bbk valencia,0,2,0%,38.5
autobuses arenal sound castellon,0,2,0%,41
conciertos en alicante,0,2,0%,41.5
conciertos san sebastian,0,2,0%,42
zevra festival valencia,0,2,0%,48
kobetamendi bilbao,0,2,0%,51.5
conciertos zaragoza 2026,0,2,0%,52.5
proximos conciertos en malaga,0,2,0%,53
conciertos zaragoza,0,2,0%,55.5
conciertos en navarra,0,2,0%,62.5
conciertos valencia,0,2,0%,63.5
fib valencia,0,2,0%,64.5
autobuses bbk live,0,2,0%,65.5
concierto en sevilla,0,2,0%,66.5
conciertos bilbao,0,2,0%,82
"""arenal sound"" -site:reddit.com -site:twitter.com -site:x.com 
-site:wykop.pl -site:tripadvisor.com -site:youtube.com -site:yelp.com 
-site:booking.com -site:facebook.com -site:instagram.com -site:tiktok.com",0,1,0%,1
palacio vistalegre metro,0,1,0%,1
prestadores de servicios de confianza en europa,0,1,0%,2
bbk 2027,0,1,0%,4
cómo llegar a vistalegre,0,1,0%,5
bises concierto,0,1,0%,6
drake concierto españa 2026,0,1,0%,6
festival mijas 2026,0,1,0%,6
festivales agosto 2026 españa,0,1,0%,6
mad cool barcelona,0,1,0%,6
viajes conciertos,0,1,0%,6
arenal sound alicante,0,1,0%,7
conciertos 2026,0,1,0%,7
conciertos almeria verano 2026,0,1,0%,7
cómo llegar al forum,0,1,0%,7
la cala festival 2026,0,1,0%,7
o son do camiño,0,1,0%,7
palau blaugrana como llegar,0,1,0%,7
arenal sound 2026 barcelona,0,1,0%,8
conciertos en huelva 2026,0,1,0%,8
autobus viñarock,0,1,0%,9
concierto en salamanca 2026,0,1,0%,9
conciertos 2027 valencia,0,1,0%,9
conciertos almería 2026,0,1,0%,9
conciertos carranza 2026,0,1,0%,9
conciertos jaen 2026,0,1,0%,9
cómo llegar al estadio olímpico de la cartuja,0,1,0%,9
shows vitoria es 2026,0,1,0%,9
"""conductor"" ""analítica"" -site:reddit.com -site:twitter.com -site:x.com 
-site:wykop.pl -site:tripadvisor.com -site:youtube.com -site:yelp.com 
-site:booking.com -site:facebook.com -site:instagram.com -site:tiktok.com",0,1,0%,10
"""sónar"" -site:reddit.com -site:twitter.com -site:x.com -site:wykop.pl 
-site:tripadvisor.com -site:youtube.com -site:yelp.com -site:booking.com 
-site:facebook.com -site:instagram.com -site:tiktok.com",0,1,0%,10
alicante conciertos 2026,0,1,0%,10
como llegar a ifema en transporte público,0,1,0%,10
conciertos en badajoz 2026,0,1,0%,10
conciertos en murcia 2026,0,1,0%,10
conciertos en valencia 2027,0,1,0%,10
cómo llegar al wizink center en transporte público,0,1,0%,10
drake spain,0,1,0%,10
festival cala mijas 2026,0,1,0%,10
festivales españa agosto 2026,0,1,0%,10
guns and roses madrid 2026,0,1,0%,10
harry styles conciertos 2026 españa,0,1,0%,10
parc del fòrum como llegar,0,1,0%,10
parking low festival,0,1,0%,10
sabrina carpenter spain 2026,0,1,0%,10
wizink center metro cercano,0,1,0%,10
burgos conciertos 2026,0,1,0%,11
caja magica metro,0,1,0%,11
como llegar a ifema madrid,0,1,0%,11
como llegar al forum barcelona,0,1,0%,11
concierto en tarragona 2026,0,1,0%,11
conciertos cuenca 2026,0,1,0%,11
conciertos en almeria 2026,0,1,0%,11
conciertos en caceres 2026,0,1,0%,11
conciertos granada 2026,0,1,0%,11
conciertos logroño 2026,0,1,0%,11
cuando viene billie eilish a españa 2026,0,1,0%,11
harry styles zaragoza,0,1,0%,11
medusa festival como llegar,0,1,0%,11
metro palacio vistalegre,0,1,0%,11
murcia music festival 2026,0,1,0%,11
origen mallorca 2026,0,1,0%,11
parada de metro wizink center,0,1,0%,11
precios olivia rodrigo españa,0,1,0%,11
sabrina carpenter barcelona 2026,0,1,0%,11
sabrina carpenter concierto madrid,0,1,0%,11
sos murcia 2026,0,1,0%,11
vista alegre como llegar,0,1,0%,11
vista alegre madrid como llegar,0,1,0%,11
beyonce conciertos 2026,0,1,0%,12
como ir a ifema en transporte publico,0,1,0%,12
concerts barcelona 2025,0,1,0%,12
concierto,0,1,0%,12
concierto almeria 2026,0,1,0%,12
concierto badajoz 2026,0,1,0%,12
conciertos beyonce 2026,0,1,0%,12
conciertos comunidad valenciana 2026,0,1,0%,12
conciertos en barcelona 2025,0,1,0%,12
conciertos en logroño 2026,0,1,0%,12
conciertos en madrid 2027,0,1,0%,12
conciertos huelva 2026,0,1,0%,12
wizink center metro,0,1,0%,12
conciertos malaga 2025,0,1,0%,13
conciertos plaza de toros de alicante 2026,0,1,0%,13
ifema madrid como llegar,0,1,0%,13
ifema pabellon 14 como llegar,0,1,0%,13
valencia concerts 2026,0,1,0%,13
autobuses viña rock 2018,0,1,0%,14
como llegar al wizink center,0,1,0%,14
conciertos salamanca 2025,0,1,0%,14
conciertos valladolid 2026,0,1,0%,14
drake concierto españa,0,1,0%,14
ir a ifema,0,1,0%,14
bus fib,0,1,0%,15
conciertos málaga 2026,0,1,0%,15
ifema metro,0,1,0%,15
lista que llevar a un festival,0,1,0%,15
arenal sound buses,0,1,0%,16
fira barcelona como llegar,0,1,0%,16
festivales malaga 2025,0,1,0%,17
ride to ride,0,1,0%,17
"""arenal sound""",0,1,0%,18
concerts madrid 2025,0,1,0%,18
lista de cosas que llevar a un festival,0,1,0%,18
post malone españa,0,1,0%,18
madrid cullera km,0,1,0%,19
palacio de vistalegre como llegar,0,1,0%,19
isla de la cartuja como llegar,0,1,0%,21
conciertos santander 2025,0,1,0%,22
estadio la cartuja como llegar,0,1,0%,23
buses arenal sound 2019,0,1,0%,24
post malone concierto españa,0,1,0%,24
como llegar al palau sant jordi en metro,0,1,0%,25
fira de barcelona como llegar,0,1,0%,25
autobuses arenal sound 2019,0,1,0%,26
conciertos pontevedra 2025,0,1,0%,26
resurrection fest madrid,0,1,0%,27
zevra festival ubicacion,0,1,0%,27
como ir a la caja magica,0,1,0%,28
donde es el zevra festival,0,1,0%,28
estadio la cartuja sevilla como llegar,0,1,0%,28
route resurrection fest,0,1,0%,29
san sebastian conciertos,0,1,0%,29
monasterio de la cartuja sevilla como llegar,0,1,0%,30
proximos conciertos murcia,0,1,0%,30
ifema dirección,0,1,0%,32
parking mad cool,0,1,0%,32
vitoria gasteiz festival,0,1,0%,32
parada metro ifema,0,1,0%,33
viña rock como llegar,0,1,0%,33
ifema madrid como llegar en metro,0,1,0%,34
ir al arenal,0,1,0%,35
ir al wizink center,0,1,0%,35
mapa arenal sound,0,1,0%,35
resurrection fest donde es,0,1,0%,35
caja magica como llegar,0,1,0%,36
conciertos granada,0,1,0%,36
concerts in madrid 2025,0,1,0%,38
conciertos en huelva,0,1,0%,38
doja cat concierto,0,1,0%,38
viajes resurrection fest,0,1,0%,38
bbk live mapa,0,1,0%,39
recinto kobetamendi,0,1,0%,39
fira europa barcelona,0,1,0%,40
conciertos burgos,0,1,0%,41
linea metro ifema,0,1,0%,41
metro de ifema,0,1,0%,41
parking viña rock,0,1,0%,41
proximos conciertos en zaragoza,0,1,0%,41
conciertos alicante,0,1,0%,42
ifema puerta sur como llegar,0,1,0%,42
agenda conciertos murcia,0,1,0%,43
concierto logroño,0,1,0%,43
parking estadio de la cartuja,0,1,0%,43
proximos conciertos granada,0,1,0%,43
próximos conciertos en zaragoza,0,1,0%,43
parc del forum parking,0,1,0%,44
zevra festival donde es,0,1,0%,44
billie eilish concierto españa,0,1,0%,45
conciertos sevilla mayo 2025,0,1,0%,45
ifema puerta norte como llegar,0,1,0%,45
parada de metro ifema,0,1,0%,46
conciertos en san sebastián,0,1,0%,47
festival zevra donde es,0,1,0%,47
ifema madrid metro,0,1,0%,47
transporte por carretera larga distancia logroño,0,1,0%,47
monte kobetamendi,0,1,0%,48
conciertos coruña,0,1,0%,49
conciertos en almería,0,1,0%,49
polideportivo orcasur como llegar,0,1,0%,49
burgos conciertos,0,1,0%,50
conciertos málaga,0,1,0%,50
kobetamendi,0,1,0%,50
bilbao concert,0,1,0%,51
entradas son do camiño 2026,0,1,0%,51
ifema ubicacion,0,1,0%,51
p son do camiño,0,1,0%,51
concierto en granada,0,1,0%,52
donde es el resurrection fest,0,1,0%,52
ifema madrid donde esta,0,1,0%,52
marbella to la cala de mijas,0,1,0%,52
parking palacio vistalegre,0,1,0%,52
donde aparcar en ifema,0,1,0%,53
proximos conciertos pamplona,0,1,0%,53
gran fira barcelona,0,1,0%,54
metro palau sant jordi,0,1,0%,54
conciertos vigo,0,1,0%,55
conciertos y recitales sevilla,0,1,0%,55
conciertos en malaga,0,1,0%,56
próximos conciertos en sevilla,0,1,0%,56
fira barcelona gran via,0,1,0%,57
la cartuja sevilla como llegar,0,1,0%,57
mapa palacio vistalegre,0,1,0%,57
parking parc del forum,0,1,0%,57
aparcamiento estadio la cartuja,0,1,0%,58
donde esta ifema,0,1,0%,58
parking estadio la cartuja,0,1,0%,58
primavera sound,0,1,0%,60
bbk live bus,0,1,0%,61
donde aparcar para ir al palau sant jordi,0,1,0%,61
low festival donde es,0,1,0%,61
parking palacio vistalegre madrid,0,1,0%,61
carnet de bus vitoria,0,1,0%,62
vigo conciertos,0,1,0%,62
drake conciertos españa,0,1,0%,64
proximos conciertos malaga,0,1,0%,64
donde es o son do camiño,0,1,0%,66
festival buses,0,1,0%,66
proximos conciertos sevilla,0,1,0%,66
o.son do camiño 2026,0,1,0%,68
sevilla conciertos,0,1,0%,68
arenal sound ubicacion,0,1,0%,69
concierto post malone españa,0,1,0%,69
festivales en sevilla,0,1,0%,69
murcia concierto,0,1,0%,70
malaga conciertos,0,1,0%,73
o son do camiño entradas 2026,0,1,0%,73
murcia conciertos,0,1,0%,74
carpooling madrid,0,1,0%,76
recinto fib,0,1,0%,76
conciertos billie eilish españa,0,1,0%,77
ifema madrid telefono,0,1,0%,78
sant jordi como llegar,0,1,0%,78
wizink asientos,0,1,0%,78
concierto murcia,0,1,0%,80
sondocamiño,0,1,0%,81
mapa wizink,0,1,0%,82
ubicacion arenal sound,0,1,0%,84
conciertos sevilla 2024,0,1,0%,85
mad cool transporte,0,1,0%,85
parking vista alegre madrid,0,1,0%,86
aforo ifema,0,1,0%,87
agenda conciertos sevilla,0,1,0%,89
mad cool como llegar,0,1,0%,89
agenda conciertos zaragoza,0,1,0%,90
abonos son do camiño 2026,0,1,0%,91
ferias y festivales en el pirineo,0,1,0%,92
entradas conciertos murcia,0,1,0%,94